Event,Headline,Score,Label
Indonesia Earthquake Nov 2022,Disaster Management Reference Handbook (June 2025) - Indonesia,-0.6249,Negative
Indonesia Earthquake Nov 2022,Restoring Education After Earthquakes: A Lifeline for Children and a Catalyst for Recovery,0.296,Positive
Indonesia Earthquake Nov 2022,Realizing Education's Promise: Rebuilding Indonesia's Madrasahs and Returning Students to the Classroom After an Earthquake,0.3182,Positive
Indonesia Earthquake Nov 2022,"Indonesia: Cianjur Earthquake, DREF Final Report (MDRID025)",0.0,Neutral
Indonesia Earthquake Nov 2022,Cash and Voucher Assistance (CVA) for students with disabilities - Cianjur Earthquakes,0.0,Neutral
Indonesia Earthquake Nov 2022,Prioritising Women in the Cianjur Earthquake Response Saves Lives,0.0,Neutral
Indonesia Earthquake Nov 2022,"After Action Review: Cash-based Response Cianjur, Indonesia 2022 Earthquake",0.0,Neutral
Indonesia Earthquake Nov 2022,FH Kids Clubs help children flourish after disaster in Indonesia,-0.34,Negative
Indonesia Earthquake Nov 2022,CBi Annual Report 2022,0.0,Neutral
Indonesia Earthquake Nov 2022,Build Back Better in Disaster Recovery Phase in Cugenang Sub-District [EN/ID],-0.296,Negative
Indonesia Earthquake Nov 2022,Women Serve as the Backbone of Cianjur Earthquake Response,0.0,Neutral
Indonesia Earthquake Nov 2022,Nat cat loss events 2022: Natural catastrophes caused overall losses of US$ 270bn worldwide,-0.3612,Negative
Indonesia Earthquake Nov 2022,Climate change and La Niña driving losses: the natural disaster figures for 2022,-0.6486,Negative
Indonesia Earthquake Nov 2022,"Plan Indonesia assists in the recovery of more than 2,000 children after Cianjur earthquake",0.0,Neutral
Indonesia Earthquake Nov 2022,"CRED Crunch Newsletter, Issue No. 70 (April 2023) - Disasters Year in Review 2022",-0.5574,Negative
Indonesia Earthquake Nov 2022,Indonesia Annual Country Report 2022 - Country Strategic Plan 2021 - 2025,0.0,Neutral
Indonesia Earthquake Nov 2022,Indonesia: Impact Monitoring of Hydrometeorological Hazards (October – December (Q4) 2022),0.0,Neutral
Indonesia Earthquake Nov 2022,"Caritas Indonesia Newsletter, Belarasa Kita - Issue 20, February 2023",0.0,Neutral
Indonesia Earthquake Nov 2022,UNICEF Indonesia COVID-19 Situation Report: October - December 2022,0.0,Neutral
Indonesia Earthquake Nov 2022,"Overcoming The Cianjur Earthquake Situation, Ihani is Prepared To Become A Facilitator",0.2263,Positive
Indonesia Earthquake Nov 2022,Plan Indonesia Strives for Comprehensive School Safety in Cianjur,0.5859,Positive
Indonesia Earthquake Nov 2022,"Indonesia - Earthquake (GDACS, USGS, BMKG, media) (ECHO Daily Flash of 18 January 2023)",0.0,Neutral
Indonesia Earthquake Nov 2022,Asia and the Pacific: Weekly Regional Humanitarian Snapshot ( 3-9 January 2023),0.0,Neutral
Indonesia Earthquake Nov 2022,Earthquakes global overview 1 July – 31 December 2022 | DG ECHO Daily Map | 09/01/2023,0.0,Neutral
Indonesia Earthquake Nov 2022,Earthquake strikes Indonesia’s most populated island,-0.3612,Negative
Indonesia Earthquake Nov 2022,2022: A year when disasters compounded and cascaded,-0.5574,Negative
Indonesia Earthquake Nov 2022,ASEAN Weekly Disaster Update Week 52 (26 Dec 2022 - 1 Jan 2023),-0.6249,Negative
Indonesia Earthquake Nov 2022,ASEAN Weekly Disaster Update Week 51 (19 - 25 Dec 2022),-0.6249,Negative
Indonesia Earthquake Nov 2022,"Tzu Chi Foundation Holds its Second Free Medical Clinic in Cianjur, Indonesia",0.5106,Positive
Indonesia Earthquake Nov 2022,Businesses support communities affected by earthquake in Indonesia,0.2732,Positive
Indonesia Earthquake Nov 2022,ASEAN Weekly Disaster Update Week 50 (12 -18 Dec 2022),-0.6249,Negative
Indonesia Earthquake Nov 2022,"Inclusive Humanitarian Response Cianjur Earthquake, November 2022",0.0,Neutral
Indonesia Earthquake Nov 2022,"Indonesia - Earthquake ( GDACS, USGS, BNPB) (ECHO Daily Flash of 15 December 2022)",0.0,Neutral
Indonesia Earthquake Nov 2022,ASEAN Weekly Disaster Update Week 49 (5 - 11 Dec 2022),-0.6249,Negative
Indonesia Earthquake Nov 2022,"AMDA Emergency Relief #2: Earthquake in Java, Indonesia (12 December 2022)",0.128,Positive
Indonesia Earthquake Nov 2022,European Union brings relief to the victims of earthquake in Indonesia,0.2023,Positive
Indonesia Earthquake Nov 2022,"Indonesia – Mount Semeru volcanic eruption, Cianjur earthquake, updates ( DG ECHO Partners, BNPB, BMKG, media) (ECHO Daily Flash of 8 December 2022)",0.0,Neutral
Indonesia Earthquake Nov 2022,Qatar Charity provides relief aid to earthquake-affected people in Indonesia,0.7096,Positive
Indonesia Earthquake Nov 2022,Asia and the Pacific: Weekly Regional Humanitarian Snapshot (29 November - 5 December 2022),0.0,Neutral
Indonesia Earthquake Nov 2022,"Distribution, Medicine, and Hot Meals for Survivors of Earthquake in Indonesia",0.0,Neutral
Indonesia Earthquake Nov 2022,"Two weeks since deadly Indonesia earthquake, 38,450 children left homeless, facing “ticking time bomb” of disease and infection",0.0,Neutral
Indonesia Earthquake Nov 2022,ASEAN Weekly Disaster Update Week 48 (28 Nov – 4 Dec 2022),-0.6249,Negative
Indonesia Earthquake Nov 2022,"Damage Assessment in Cianjur district, Jawa Barat Province, Indonesia as of 29 November 2022 - Imagery Analysis: 29/11/2022 Published 02/12/2022 V1",-0.4939,Negative
Indonesia Earthquake Nov 2022,"Damage Assessment in Cianjur district, Jawa Barat Province, Indonesia as of 23 November 2022 - Imagery Analysis: 23/11/2022 Published 25/11/2022 V1",-0.4939,Negative
Indonesia Earthquake Nov 2022,"Preliminary Satellite-derived Damage Assessment: Indonesia Earthquake (21 November 2022, M 5.6) (23 Nov 2022)",-0.4939,Negative
Indonesia Earthquake Nov 2022,"Shelter urgently needed after Indonesia earthquake, as heavy rain hits homeless survivors",0.0,Neutral
Indonesia Earthquake Nov 2022,Indonesia | 5.6M earthquake event of 21 November - DG ECHO Daily Map | 30/11/2022,0.0,Neutral
Indonesia Earthquake Nov 2022,Indonesia: Impact Monitoring of Hydrometeorological Hazards (July – September (Q3) 2022),0.0,Neutral
Indonesia Earthquake Nov 2022,"Indonesia - Earthquake, update (GDACS, BNPB, Copernicus EMSR) (ECHO Daily Flash of 30 November 2022)",0.0,Neutral
Indonesia Earthquake Nov 2022,"Indonesia: Cianjur Earthquake, DREF Application (MDRID025)",0.0,Neutral
Indonesia Earthquake Nov 2022,Asia and the Pacific: Weekly Regional Humanitarian Snapshot (22 - 28 November 2022),0.0,Neutral
Indonesia Earthquake Nov 2022,Plan Indonesia Provides Psychosocial Support for Children Affected by the Cianjur Earthquake,0.2732,Positive
Indonesia Earthquake Nov 2022,Oxfam supports partners and local government in responding to Cianjur Earthquake in Indonesia,0.3612,Positive
Indonesia Earthquake Nov 2022,Situation Report #2 - Earthquake in Cianjur (27 November 2022),0.0,Neutral
Indonesia Earthquake Nov 2022,"AMDA Emergency Relief #1: Earthquake in Java, Indonesia (28 November 2022)",0.128,Positive
Indonesia Earthquake Nov 2022,"Operational Update: Earthquake Recovery in Indonesia, Responding to Cholera in Haiti",0.0,Neutral
Indonesia Earthquake Nov 2022,CARE International to begin supporting earthquake-affected families in Indonesia,0.7804,Positive
Indonesia Earthquake Nov 2022,"100 children killed by earthquake in West Java, Indonesia",-0.6705,Negative
Indonesia Earthquake Nov 2022,A hunk of hope from Cianjur earthquake refugee tents,0.4404,Positive
Indonesia Earthquake Nov 2022,Situation Report #1 - Earthquake in Cianjur (23 November 2022),0.0,Neutral
Indonesia Earthquake Nov 2022,"Indonesia - Earthquake, update and severe weather (GDACS, BNPB, BMKG, ADINet, ADINet) (ECHO Daily Flash of 24 November 2022)",-0.3818,Negative
Indonesia Earthquake Nov 2022,Singapore Red Cross pledges humanitarian aid to support Communities affected by West Java Earthquake,0.2732,Positive
Indonesia Earthquake Nov 2022,"""I just hugged tight to my brother"": Children's fears as earthquake struck Indonesia with 100 children dying",-0.2732,Negative
Indonesia Earthquake Nov 2022,"Indonesia - Earthquake, update (BNPB, GDACS, BMKG, Copernicus EMS) (ECHO Daily Flash of 23 November 2022)",0.0,Neutral
Indonesia Earthquake Nov 2022,Asia and the Pacific: Weekly Regional Humanitarian Snapshot (15 - 21 November 2022),0.0,Neutral
Indonesia Earthquake Nov 2022,Situation Report #3 I Cianjur Earthquake - 22 November 2022,0.0,Neutral
Indonesia Earthquake Nov 2022,"Korean Government Decides to Provide US$500,000 in Humanitarian Assistance for Indonesia in Response to Earthquake",0.0,Neutral
Indonesia Earthquake Nov 2022,"Earthquake occurred in West Java Province, Indonesia on 21 November 2022. Observed on Sentinel images on the 23 November 2022",0.0,Neutral
Indonesia Earthquake Nov 2022,Direct Relief Commits Support as Indonesia Reels from Deadly Quake,0.7096,Positive
Indonesia Earthquake Nov 2022,Dozens of children injured with some killed after Indonesia earthquake damages over 80 schools: Save the Children,-0.7845,Negative
Indonesia Earthquake Nov 2022,Earthquake in Indonesia affects over 2 million people,0.0,Neutral
Indonesia Earthquake Nov 2022,"10,000 displaced by Indonesia earthquake, Mercy Corps initiates emergency response",-0.0258,Neutral
Indonesia Earthquake Nov 2022,"Indonesia - Earthquake (GDACS, USGS, BMKG, BNPB, media) (ECHO Daily Flash of 22 November 2022)",0.0,Neutral
Indonesia Earthquake Nov 2022,Plan Indonesia Deploys Emergency Response Team to Help Children Affected by the Cianjur Earthquake,-0.128,Negative
Indonesia Earthquake Nov 2022,"Indonesia: M5.6 Earthquake in Cianjur Regency, Flash Update No. 01 (22 November 2022)",0.0,Neutral
Indonesia Earthquake Nov 2022,"Earthquake hits West Java, Indonesia as authorities rush to rescue survivors",0.5106,Positive
Indonesia Earthquake Nov 2022,Caritas Australia in solidarity with Indonesia after devastating earthquake,-0.4767,Negative
Indonesia Earthquake Nov 2022,Deadly Earthquake Rattles Indonesia,0.0,Neutral
Indonesia Earthquake Nov 2022,Indonesia: Children flee classrooms with at least one student among dozens killed as earthquake hits West Java,-0.6705,Negative
Indonesia Earthquake Nov 2022,Indonesia | 5.6M earthquake event of 21 November - DG ECHO Daily Map | 21/11/2022,0.0,Neutral
Indonesia Earthquake Nov 2022,"Indonesia - Earthquake (GDACS, USGS, BMKG, BNPB, media) (ECHO Daily Flash of 21 November 2022)",0.0,Neutral
Indonesia Earthquake Nov 2022,Situation Report #1 I Cianjur Earthquake - 21 November 2022,0.0,Neutral
Indonesia Earthquake Nov 2008,Indonesia: Snapshot on Earthquake (Jan 2000 - Oct 2010),0.0,Neutral
Indonesia Earthquake Nov 2008,Indonesia: Snapshot on Earthquakes (Dec 2004 - Oct 2009),0.0,Neutral
Indonesia Earthquake Nov 2008,"International cooperation on humanitarian assistance in the field of natural disasters, from relief to development - Report of the UN SG (A/64/331)",0.25,Positive
Indonesia Earthquake Nov 2008,Principles of aid effectiveness in everyday practice: Georgia and Indonesia,0.0,Neutral
Indonesia Earthquake Nov 2008,Indonesia: Tsunami response strengthens community coping,0.4588,Positive
Indonesia Earthquake Nov 2008,Indonesia: Appeal No. MAAID002 Programme Update No. 02,0.0,Neutral
Indonesia Earthquake Nov 2008,"CWS Hotline - 24 Nov 2008: Haiti, Indonesia",0.0,Neutral
Indonesia Earthquake Nov 2008,"M7.4 Sulawesi, Indonesia, Earthquake of 16 November 2008",0.0,Neutral
Indonesia Earthquake Nov 2008,Indonesia: Thousands in tents after Sulawesi quake,0.0,Neutral
Indonesia Earthquake Nov 2008,CWS emergency situation report: Indonesia earthquake,-0.3818,Negative
Indonesia Earthquake Nov 2008,Turkish Red Crescent's response to Indonesia earthquake,0.0,Neutral
Indonesia Earthquake Nov 2008,Death toll in Indonesian quake rises to six,-0.5994,Negative
Indonesia Earthquake Nov 2008,"Indonesia says 10,000 displaced by earthquake",0.0,Neutral
Indonesia Earthquake Nov 2008,Thousands displaced after Indonesia's Sulawesi quake,0.0,Neutral
Indonesia Earthquake Nov 2008,"Emergency Situation Report on 17 Nov: Earthquake in Gorontalo Province, Republic of Indonesia",-0.3818,Negative
Indonesia Earthquake Nov 2008,"Indonesia quake kills at least 4, tears down houses",-0.6597,Negative
Indonesia Earthquake Nov 2008,7.3-magnitude earthquake leaves at least four dead on Indonesia's Sulawesi island,-0.6486,Negative
Indonesia Earthquake Nov 2008,Indonesia lifts tsunami warning after Sulawesi quake,-0.34,Negative
Indonesia Earthquake Nov 2008,Indonesia issues tsunami warning after quakes,-0.34,Negative
Indonesia Earthquake Nov 2008,Indonesia: Earthquake (as of 17 Nov 2008) - Location Map,0.0,Neutral
Indonesia Earthquake Nov 2008,Indonesia: Tsunami Bulletin No. 001,0.0,Neutral
Myanmar Earthquake Mar 2025,End of Mission Report United Nations Disaster Assessment & Coordination (UNDAC) - Earthquake 7.7M Response - Myanmar (29Mar-16Apr 2025),-0.3182,Negative
Myanmar Earthquake Mar 2025,GIEWS Country Brief: Myanmar 20-February-2026,0.0,Neutral
Myanmar Earthquake Mar 2025,"UNICEF Myanmar Humanitarian Situation Report No. 4, January-December 2025",0.0,Neutral
Myanmar Earthquake Mar 2025,Asia and the Pacific Regional Humanitarian Overview 2025 (As of 31 January 2026),0.0,Neutral
Myanmar Earthquake Mar 2025,EU allocates €63 million in response to the crisis in Myanmar and its impact on neighbouring countries,-0.6249,Negative
Myanmar Earthquake Mar 2025,Evaluation of the 2025 Myanmar Earthquake Response,0.0,Neutral
Myanmar Earthquake Mar 2025,How CERF support helped deliver health care in Myanmar’s earthquake-affected areas,0.7096,Positive
Myanmar Earthquake Mar 2025,"Malgré les coupes budgétaires, le HCR a répondu à de multiples situations d'urgence complexes au cours de l’année 2025",0.0,Neutral
Myanmar Earthquake Mar 2025,2025 Impact Report - Response to new emergencies and protracted crises [EN/AR],0.0,Neutral
Myanmar Earthquake Mar 2025,Market Analysis Unit: Rapid Market Assessment (November 2025),0.0,Neutral
Myanmar Earthquake Mar 2025,"Community perceptions in earthquake-affected areas in Mandalay and southern Shan, Myanmar (November 2025)",0.0,Neutral
Myanmar Earthquake Mar 2025,Climate change presses on: Devastating wildfires and intense thunderstorms exacerbate losses for insurers,-0.7717,Negative
Myanmar Earthquake Mar 2025,Earthquakes global overview | 1 January – 31 December 2025 - DG ECHO Daily Map | 12/01/2026,0.0,Neutral
Myanmar Earthquake Mar 2025,Answering the Call: Safe Water Flowing After Myanmar Earthquake,0.4404,Positive
Myanmar Earthquake Mar 2025,Humanitarian Needs and Response Plan: Myanmar Humanitarian Programme Cycle 2026 - Early Recovery Cluster Strategy,0.0,Neutral
Myanmar Earthquake Mar 2025,Humanitarian Action for Children 2026 - Myanmar,0.0,Neutral
Myanmar Earthquake Mar 2025,Market Analysis Unit: Rapid Market Assessment (October 2025),0.0,Neutral
Myanmar Earthquake Mar 2025,"Myanmar Economic Monitor, Dec 2025: Surviving, Not Thriving [EN/MY]",0.296,Positive
Myanmar Earthquake Mar 2025,"“How can we rebuild when our best efforts are just washed away?” Community perceptions in earthquake-affected areas in Sagaing, Myanmar (November2025)",0.6369,Positive
Myanmar Earthquake Mar 2025,Snapshot: Information environment in Myanmar post-earthquake (November 2025) [EN/MY],0.0,Neutral
Myanmar Earthquake Mar 2025,UNICEF Myanmar Humanitarian Situation Report No. 2 - January-July 2025,0.0,Neutral
Myanmar Earthquake Mar 2025,Myanmar | Earthquake - Operation Update #4 (MDRMM023),0.0,Neutral
Myanmar Earthquake Mar 2025,OCHA Myanmar Humanitarian Update No.50 (17 November 2025),0.0,Neutral
Myanmar Earthquake Mar 2025,"Myanmar: Insights from MIMU HDP Nexus 5W - Earthquake Response, August 2025 Round",0.0,Neutral
Myanmar Earthquake Mar 2025,"Report of the Special Rapporteur on the situation of human rights in Myanmar, Thomas H. Andrews (A/80/490) (Advance unedited version)",0.4019,Positive
Myanmar Earthquake Mar 2025,"Global Protection Update: Protection in a Prioritised Humanitarian Response, October 2025",0.0,Neutral
Myanmar Earthquake Mar 2025,"Urgent humanitarian needs remain in Myanmar, over six months after devastating earthquakes – IFRC",-0.5423,Negative
Myanmar Earthquake Mar 2025,Market Analysis Unit: Market Price Report (August 2025),0.0,Neutral
Myanmar Earthquake Mar 2025,Market Analysis Unit: Rapid Market Assessment (August 2025),0.0,Neutral
Myanmar Earthquake Mar 2025,Courage in crisis: How one volunteer saved dozens of lives after Myanmar’s March 2025 earthquake | IFRC,0.2263,Positive
Myanmar Earthquake Mar 2025,"Myanmar : six mois après le séisme, les communautés durement touchées sont toujours privées d’eau potable",0.0,Neutral
Myanmar Earthquake Mar 2025,"Myanmar: Six months after the earthquake, access to clean water remains a lifeline for hard-hit communities [EN/ZH]",0.4019,Positive
Myanmar Earthquake Mar 2025,Shelter/NFI/CCCM Advocacy Messages-Earthquake Response in Myanmar,0.0,Neutral
Myanmar Earthquake Mar 2025,"Myanmar: Six months after deadly earthquake ‘fear still lingers’, say children",0.0,Neutral
Myanmar Earthquake Mar 2025,"Myanmar Earthquake: Plan International Myanmar's Emergency Response - Update #5, 25 September 2025",-0.3818,Negative
Myanmar Earthquake Mar 2025,ACAPS: Myanmar - Beyond the rubble: humanitarian profiles of key townships affected by the March earthquake,-0.1531,Negative
Myanmar Earthquake Mar 2025,Myanmar - Humanitarian Update No. 49 | 23 September 2025,0.0,Neutral
Myanmar Earthquake Mar 2025,K-Pop star Park Jin-young buys thousands of Save the Children meals as a birthday gift for his fans,0.7269,Positive
Myanmar Earthquake Mar 2025,Humanitarian Action for Children 2025 - Myanmar | Revision 1 (September 2025),0.0,Neutral
Myanmar Earthquake Mar 2025,GIEWS Country Brief: Myanmar 05-September-2025,0.0,Neutral
Myanmar Earthquake Mar 2025,"Myanmar: Humanitarian Needs and Response Plan 2025, Quarter 2 Dashboard (Jan - Jun 2025)",0.0,Neutral
Myanmar Earthquake Mar 2025,Republic of Korea and WFP launch ‘REACH’ project to tackle record levels of hunger in Myanmar,-0.25,Negative
Myanmar Earthquake Mar 2025,Snapshot: Information environment in Myanmar post-earthquake (August 2025),0.0,Neutral
Myanmar Earthquake Mar 2025,Myanmar : se reconstruire après le séisme,0.0,Neutral
Myanmar Earthquake Mar 2025,UNHCR Flash Update on Earthquake in Myanmar #16 - 20 Aug 2025,0.0,Neutral
Myanmar Earthquake Mar 2025,Market Analysis Unit: Rapid Market Assessment (July 2025),0.0,Neutral
Myanmar Earthquake Mar 2025,Market Analysis Unit: Market Price Report (July 2025),0.0,Neutral
Myanmar Earthquake Mar 2025,Myanmar - Humanitarian Update No. 48 | 14 August 2025,0.0,Neutral
Myanmar Earthquake Mar 2025,UNHCR Flash Update on Earthquake in Myanmar #15 - 07 Aug 2025,0.0,Neutral
Myanmar Earthquake Mar 2025,"UNFPA Situation Report: Myamnar Earthquake Response (July 3-31, 2025)",0.0,Neutral
Myanmar Earthquake Mar 2025,Mae Tao Clinic | Newsletter - Quarterly Update 2025 (August 2025),0.0,Neutral
Myanmar Earthquake Mar 2025,Status of Human Rights & Sanctions in Myanmar: June 2025 Report,0.0,Neutral
Myanmar Earthquake Mar 2025,"Myanmar: après le séisme, l’aide se poursuit",0.0,Neutral
Myanmar Earthquake Mar 2025,UNHCR Flash Update on Earthquake in Myanmar #14 - 24 Jul 2025,0.0,Neutral
Myanmar Earthquake Mar 2025,Myanmar | Earthquake - Operation Update #3 (MDRMM023),0.0,Neutral
Myanmar Earthquake Mar 2025,Status of Human Rights & Sanctions in Myanmar: May 2025 Report,0.0,Neutral
Myanmar Earthquake Mar 2025,Myanmar | Floods Typhoon Yagi - Operation Update #3 (MDRMM021),0.0,Neutral
Myanmar Earthquake Mar 2025,Myanmar Health Cluster Bulletin - July 2025,0.0,Neutral
Myanmar Earthquake Mar 2025,China steps up support in response to heightened needs in post- quake Myanmar,0.4019,Positive
Myanmar Earthquake Mar 2025,Market Analysis Unit: Market Price Report (June 2025),0.0,Neutral
Myanmar Earthquake Mar 2025,Market Analysis Unit: Rapid Market Assessment (June 2025),0.0,Neutral
Myanmar Earthquake Mar 2025,"Over 100 days on, UNFPA and Partners Continue to Support the Earthquake-affected Women and Girls of Myanmar",0.4019,Positive
Myanmar Earthquake Mar 2025,ASEAN Weekly Disaster Update Week 28 | 7 - 13 July 2025,-0.6249,Negative
Myanmar Earthquake Mar 2025,UNHCR Flash Update on Earthquake in Myanmar #13 - 10 Jul 2025,0.0,Neutral
Myanmar Earthquake Mar 2025,"En una pequeña escuela de la región de Sagaing, en Myanmar, la gente encuentra un lugar seguro tras un devastador terremoto.",0.0,Neutral
Myanmar Earthquake Mar 2025,"UNFPA Situation Report #10: UNFPA maintains Critical Health and Protection Services in Myanmar (July 7, 2025)",-0.3182,Negative
Myanmar Earthquake Mar 2025,Myanmar Earthquake Response - Response to Date (8 July 2025),0.5574,Positive
Myanmar Earthquake Mar 2025,"Dans une petite école de la région de Sagaing, au Myanmar, les gens trouvent un refuge après un tremblement de terre dévastateur",0.0,Neutral
Myanmar Earthquake Mar 2025,ASEAN Weekly Disaster Update Week 27 | 30 June – 6 July 2025,-0.6249,Negative
Myanmar Earthquake Mar 2025,Myanmar Earthquake 100 Days After,0.0,Neutral
Myanmar Earthquake Mar 2025,"At a small school in Myanmar’s Sagaing region, people find safe haven after a devastating earthquake",-0.34,Negative
Myanmar Earthquake Mar 2025,"Tras el terremoto de Myanmar, una madre encuentra fuerzas en ayudar a otras personas",0.0,Neutral
Myanmar Earthquake Mar 2025,"In the wake of Myanmar earthquake, a mother finds strength in helping others",0.6597,Positive
Myanmar Earthquake Mar 2025,IOM Flash Appeal Myanmar Earthquake Response | Early Recovery Amendment (29 March - 31 December 2025),0.0,Neutral
Myanmar Earthquake Mar 2025,"Global Humanitarian Overview 2025, May-June Update (Snapshot as of 30 June 2025) [EN/AR]",0.0,Neutral
Myanmar Earthquake Mar 2025,"Myanmar Post-earthquake rapid needs assessment - DIEM-Impact report, April 2025",0.0,Neutral
Myanmar Earthquake Mar 2025,Earthquakes global overview | 1 January – 30 June 2025 - DG ECHO Daily Map | 02/07/2025,0.0,Neutral
Myanmar Earthquake Mar 2025,Myanmar : reconstruire des vies bouleversées par le tremblement de terre et les conflits armés.,0.0,Neutral
Myanmar Earthquake Mar 2025,At Risk Twice Over: Displacement and Human Trafficking In Southeast Asia,-0.2732,Negative
Myanmar Earthquake Mar 2025,Myanmar Health Cluster Bulletin - June 2025,0.0,Neutral
Myanmar Earthquake Mar 2025,Market Analysis Unit: Rapid Market Assessment (May 2025),0.0,Neutral
Myanmar Earthquake Mar 2025,Market Analysis Unit: Market Price Report (May 2025),0.0,Neutral
Myanmar Earthquake Mar 2025,"Case Study: Myanmar M7.7 Earthquake Response, 28 March 2025 - From days to hours: PDC rapid impact analytics and connectivity accelerate life-saving response",0.0,Neutral
Myanmar Earthquake Mar 2025,Myanmar: Rebuilding lives shattered by earthquake and armed conflict [EN/ZH],-0.6597,Negative
Myanmar Earthquake Mar 2025,"Myanmar Earthquake: Plan International Myanmar's Emergency Response - Update #4, 27 June 2025",-0.3818,Negative
Myanmar Earthquake Mar 2025,"HC Türk on Myanmar: “People yearn for a peaceful, inclusive and democratic future.”",0.4939,Positive
Myanmar Earthquake Mar 2025,IOM Myanmar: Earthquake Response Situation Report 10 (as of 26 June 2025),0.0,Neutral
Myanmar Earthquake Mar 2025,Myanmar Humanitarian Update No. 47 | 27 June 2025,0.0,Neutral
Myanmar Earthquake Mar 2025,UNHCR Myanmar Situation Regional Update #2 (March - April 2025),0.0,Neutral
Myanmar Earthquake Mar 2025,"Myanmar - Meeting Minutes, Coordination Meeting, 13 June 2025",0.0,Neutral
Myanmar Earthquake Mar 2025,Trois mois après le tremblement de terre au Myanmar : Helvetas soutient 36'000 personnes et prépare la reconstruction,0.0,Neutral
Myanmar Earthquake Mar 2025,"Three months after the earthquake in Myanmar: Helvetas supports 36,000 people and prepares for reconstruction [EN/DE]",0.3612,Positive
Myanmar Earthquake Mar 2025,UNHCR Flash Update on Earthquake in Myanmar #12 - 26 Jun 2025,0.0,Neutral
Myanmar Earthquake Mar 2025,Myanmar Earthquakes - 100 years-series of epicenter magnitude,0.0,Neutral
Myanmar Earthquake Mar 2025,Status of Human Rights & Sanctions in Myanmar: April 2025 Report,0.0,Neutral
Myanmar Earthquake Mar 2025,"Myanmar, 3 months later",0.0,Neutral
Myanmar Earthquake Mar 2025,"Myanmar, 3 mois après le séisme",0.0,Neutral
Myanmar Earthquake Mar 2025,Statement on UNOPS operations in Myanmar,0.0,Neutral
Myanmar Earthquake Mar 2025,"Statement of the outgoing Humanitarian Coordinator a.i. for Myanmar, Mr. Marcoluigi Corsi (20 June 2025)",0.296,Positive
Myanmar Earthquake Mar 2025,"Myanmar - Earthquake: Cash-Based Intervention for Shelter and NFI Guidance, Earthquake Response Annex (June 2025)",0.0,Neutral
Myanmar Earthquake Mar 2025,Myanmar Earthquake 7.7 Magnitude – 28 March 2025,0.0,Neutral
Myanmar Earthquake Mar 2025,Myanmar Earthquake - est affected building Microsoft AI Good Lab details (21 Jun 2025),0.3182,Positive
Myanmar Earthquake Mar 2025,Myanmar Earthquake - est affected building Microsoft AI Good Lab (21 Jun 2025),0.3182,Positive
Myanmar Earthquake Mar 2025,"UNFPA Situation Report #9: UNFPA maintains Critical Health and Protection Services in Myanmar (June 17, 2025)",-0.3182,Negative
Myanmar Earthquake Mar 2025,"Medical Aid Departs for Ongoing Earthquake Response in Myanmar, 18 Other Countries This Week",0.0,Neutral
Myanmar Earthquake Mar 2025,Myanmar - 3.4 million more people in acute food insecurity (DG ECHO partners) (ECHO Daily Flash of 19 June 2025),-0.4215,Negative
Myanmar Earthquake Mar 2025,UNHCR Flash Update on Earthquake in Myanmar #11 - 19 Jun 2025,0.0,Neutral
Myanmar Earthquake Mar 2025,"Myanmar: M7.7 28 March 2025 Sagaing Earthquake, Satellite-Based Comprehensive Damage Assessment Report - Sagaing, Mandalay, Shan (North), Magway, Nay Pyi Taw, Shan (South) and Bago (East) Regions",-0.296,Negative
Myanmar Earthquake Mar 2025,Building Damage Assessment of the March 2025 Myanmar Earthquake,-0.4939,Negative
Myanmar Earthquake Mar 2025,"UNICEF Myanmar Flash Update No. 15 (Earthquake), 13 June 2025",0.0,Neutral
Myanmar Earthquake Mar 2025,ASEAN Weekly Disaster Update Week 24 | 9 - 15 June 2025,-0.6249,Negative
Myanmar Earthquake Mar 2025,IOM Myanmar: Earthquake Response Situation Report 9 (as of 11 June 2025),0.0,Neutral
Myanmar Earthquake Mar 2025,Beyond the rubble: Mental health needs after Myanmar’s earthquake,0.0,Neutral
Myanmar Earthquake Mar 2025,UNHCR Flash Update on Earthquake in Myanmar #10 - 12 Jun 2025,0.0,Neutral
Myanmar Earthquake Mar 2025,"Myanmar Economic Monitor, June 2025: Economic Aftershocks",0.0,Neutral
Myanmar Earthquake Mar 2025,"Starving to death: the latest phase of the Rohingya genocide, June 2025",-0.7717,Negative
Myanmar Earthquake Mar 2025,No dejemos que se les apague la luz: el llamado del UNFPA para brindar apoyo a las mujeres y niñas en las crisis más olvidadas del mundo,-0.743,Negative
Myanmar Earthquake Mar 2025,Ne pas les laisser dans l’ombre : l’UNFPA exhorte à soutenir les femmes et les filles qui souffrent des crises les plus négligées du monde,0.0,Neutral
Myanmar Earthquake Mar 2025,"Myanmar - Meeting Minutes, Coordination Meeting, 30 May 2025",0.0,Neutral
Myanmar Earthquake Mar 2025,ASEAN Weekly Disaster Update Week 23 | 2 - 8 June 2025,-0.6249,Negative
Myanmar Earthquake Mar 2025,“Let the World Know”: Responses to Humanitarian Aid After the 28 March Myanmar Earthquake - 27 March to 30 April 2025,0.0,Neutral
Myanmar Earthquake Mar 2025,Crop Monitor for Early Warning | No. 105 - June 2025,-0.34,Negative
Myanmar Earthquake Mar 2025,UNHCR Flash Update on Earthquake in Myanmar #9 - 5 June 2025,0.0,Neutral
Myanmar Earthquake Mar 2025,IOM Myanmar: Earthquake Response Situation Report 8 (as of 28 May 2025),0.0,Neutral
Myanmar Earthquake Mar 2025,Aftershocks: The Toll of United States Funding Cuts on Displaced Women and Girls in Myanmar’s Polycrisis,0.1531,Positive
Myanmar Earthquake Mar 2025,The EU steps up support for Myanmar in response to mounting post-quake needs,0.4019,Positive
Myanmar Earthquake Mar 2025,H2H support services available for the humanitarian support services: Earthquake in Myanmar,0.6597,Positive
Myanmar Earthquake Mar 2025,Thousands of children in Myanmar’s earthquake zone face new school year without schools,0.0,Neutral
Myanmar Earthquake Mar 2025,Myanmar Earthquake | Situation Update | Edition 10,0.0,Neutral
Myanmar Earthquake Mar 2025,"UNICEF Myanmar Flash Update No. 14 (Earthquake), 30 May 2025",0.0,Neutral
Myanmar Earthquake Mar 2025,Myanmar Health Cluster Bulletin - May 2025,0.0,Neutral
Myanmar Earthquake Mar 2025,Myanmar: Earthquake Response Situation Report No. 7 (As of 31 May 2025),0.0,Neutral
Myanmar Earthquake Mar 2025,"Sagaing earthquake in Myanmar: Situation report - 8th Edition, 30 May 2025, as of 10:00 IST",0.0,Neutral
Myanmar Earthquake Mar 2025,Market Analysis Unit: Market Price Report (April 2025),0.0,Neutral
Myanmar Earthquake Mar 2025,"Myanmar Earthquake: Plan International Myanmar's Emergency Response - Update #3, 28 May 2025",-0.3818,Negative
Myanmar Earthquake Mar 2025,"ASEAN’s Statement on Expanded Ceasefire Falls Short; Myanmar Crisis Needs Concrete Measures, Says APHR",-0.6249,Negative
Myanmar Earthquake Mar 2025,"In Myanmar, A Tragedy Atop A Crisis",-0.8591,Negative
Myanmar Earthquake Mar 2025,"UNFPA Situation Report #8: UNFPA maintains Critical Health and Protection Services in Myanmar (May 25, 2025)",-0.3182,Negative
Myanmar Earthquake Mar 2025,ILO launches emergency cash-for-work initiative to support the earthquake recovery in Myanmar’s Inle Lake region,0.0258,Neutral
Myanmar Earthquake Mar 2025,UNHCR Flash Update on Earthquake in Myanmar #8 - 29 May 2025,0.0,Neutral
Myanmar Earthquake Mar 2025,"Regional AAP / PSEA Working Group – 2nd Quarter Meeting - 23 April 2025, 1100-1230H (Minutes of the Meeting)",0.0,Neutral
Myanmar Earthquake Mar 2025,Belgium’s contribution through the Special Fund for Emergency and Resilience Activities (SFERA),0.0258,Neutral
Myanmar Earthquake Mar 2025,"Global Rapid Post-Disaster Damage Estimation (GRADE) Report: Myanmar Earthquake - March 28, 2025 (report as of April 18, 2025)",-0.4939,Negative
Myanmar Earthquake Mar 2025,Don’t let the lights go out: UNFPA urges support for women and girls in the world’s most neglected crises [EN/AR],-0.2484,Negative
Myanmar Earthquake Mar 2025,ASEAN Weekly Disaster Update Week 21 | 19 - 25 May 2025,-0.6249,Negative
Myanmar Earthquake Mar 2025,Myanmar Humanitarian Update No. 46 | 23 May 2025,0.0,Neutral
Myanmar Earthquake Mar 2025,UNHCR Flash Update on Earthquake in Myanmar #7 - 22 May 2025,0.0,Neutral
Myanmar Earthquake Mar 2025,"A tale of two emotions: In Myanmar, visiting people whose lives were upended by the March 28 earthquake, I am torn between hope and fear",-0.3182,Negative
Myanmar Earthquake Mar 2025,Myanmar Health Cluster Monsoon Preparedness Plan 2025-2026,0.0,Neutral
Myanmar Earthquake Mar 2025,Tzu Chi’s Phase Two Relief and Medical Aid after Myanmar Earthquake,0.4767,Positive
Myanmar Earthquake Mar 2025,Regional and global responses to the crisis in Myanmar,-0.6249,Negative
Myanmar Earthquake Mar 2025,"""Un hospital en un museo de joyas"": la resiliencia de Myanmar tras el terremoto",0.0,Neutral
Myanmar Earthquake Mar 2025,Asia and the Pacific: Weekly Regional Humanitarian Snapshot (12 - 19 May 2025),0.0,Neutral
Myanmar Earthquake Mar 2025,IOM Myanmar: Earthquake Response Situation Report 7 (as of 16 May 2025),0.0,Neutral
Myanmar Earthquake Mar 2025,ASEAN Weekly Disaster Update Week 20 | 12 - 18 May 2025,-0.6249,Negative
Myanmar Earthquake Mar 2025,"Myanmar, under the open sky: Surviving after the earthquakes",0.296,Positive
Myanmar Earthquake Mar 2025,"Myanmar - Earthquake (GDACS, USGS, media) (ECHO Daily Flash of 19 May 2025)",0.0,Neutral
Myanmar Earthquake Mar 2025,"Provision of emergency relief kits to schools affected by the earthquake in Myanmar (Grant Assistance for Grassroots Human Security Projects) (May 16, 2025)",0.5859,Positive
Myanmar Earthquake Mar 2025,"UNICEF Myanmar Flash Update No. 13 (Earthquake), 16 May 2025",0.0,Neutral
Myanmar Earthquake Mar 2025,Myanmar Earthquake | Situation Update | Edition 9,0.0,Neutral
Myanmar Earthquake Mar 2025,Myanmar | Earthquake - Operation Update #2 (MDRMM023),0.0,Neutral
Myanmar Earthquake Mar 2025,Myanmar: Earthquake Response Situation Report No. 6 (As of 17 May 2025),0.0,Neutral
Myanmar Earthquake Mar 2025,"De las aulas a la primera línea: Tras la crisis, ""la profesora Honey"" ha pasado de educar a responder a emergencias",-0.4019,Negative
Myanmar Earthquake Mar 2025,"De la salle de classe à la ligne de front : Au lendemain d'une crise, « Teacher Honey » passe du statut d'éducateur à celui d'intervenant d'urgence",0.0,Neutral
Myanmar Earthquake Mar 2025,"From the classroom to the frontlines: In the wake of crisis, ‘Teacher Honey’ transforms from educator to emergency responder [EN/AR]",-0.7717,Negative
Myanmar Earthquake Mar 2025,"UNFPA Situation Report #7: UNFPA Maintains Critical Health and Protection Services in Myanmar (May 16, 2025)",-0.3182,Negative
Myanmar Earthquake Mar 2025,"Treating patients impacted by Guatemala’s Fuego Volcano, responding to Myanmar earthquake, and more",0.0,Neutral
Myanmar Earthquake Mar 2025,UNHCR Flash Update on Earthquake in Myanmar #6 - 16 May 2025,0.0,Neutral
Myanmar Earthquake Mar 2025,When the ground shakes in a fractured state: why integrated data matters in Myanmar,0.0258,Neutral
Myanmar Earthquake Mar 2025,"Plus de 3,5 millions de travailleurs potentiellement affectés par le tremblement de terre dévastateur au Myanmar",0.0,Neutral
Myanmar Earthquake Mar 2025,"Más de 3,5 millones de trabajadores potencialmente afectados por el devastador terremoto de Myanmar",0.0,Neutral
Myanmar Earthquake Mar 2025,Disaster Management Reference Handbook - Thailand (May 2025),-0.6249,Negative
Myanmar Earthquake Mar 2025,Myanmar Earthquake: Gender Situation Report No. 1 (9 May 2025),0.0,Neutral
Myanmar Earthquake Mar 2025,Shelter/ NFI & CCCM National Cluster in Myanmar EQ Strategy,0.0,Neutral
Myanmar Earthquake Mar 2025,Market Analysis Unit: Rapid Market Assessment - Earthquake Response (May 2025),0.0,Neutral
Myanmar Earthquake Mar 2025,"Global Humanitarian Overview 2025, April Update (Snapshot as of 30 April 2025)",0.0,Neutral
Myanmar Earthquake Mar 2025,"Myanmar: Re-Prioritized HNRP Addendum - At A Glance, April 2025",0.0,Neutral
Myanmar Earthquake Mar 2025,ASEAN Weekly Disaster Update Week 19 | 5 - 11 May 2025,-0.6249,Negative
Myanmar Earthquake Mar 2025,Myanmar Earthquake leaves children without school amidst UK's exam season,0.0,Neutral
Myanmar Earthquake Mar 2025,Myanmar Earthquake | Situation Update | Edition 8,0.0,Neutral
Myanmar Earthquake Mar 2025,"UNICEF Myanmar Flash Update No. 12 (Earthquake), 09 May 2025",0.0,Neutral
Myanmar Earthquake Mar 2025,Provision of emergency relief kit to schools affected by the earthquake in Myanmar (Grant Assistance for Grassroots Human Security Projects) (9 May 2025),0.5859,Positive
Myanmar Earthquake Mar 2025,"UNFPA Situation Report #6: UNFPA Delivers Critical Health and Protection Services in Myanmar (May 06, 2025)",-0.3182,Negative
Myanmar Earthquake Mar 2025,UNHCR Flash Update on Earthquake in Myanmar #5 - 9 May 2025,0.0,Neutral
Myanmar Earthquake Mar 2025,Myanmar: Supporting Earthquake Survivors,0.4404,Positive
Myanmar Earthquake Mar 2025,Volker Türk met en garde contre les violences incessantes contre les civils au Myanmar,0.0,Neutral
Myanmar Earthquake Mar 2025,Employment implications of the earthquake in Myanmar: a preliminary rapid assessment,0.0,Neutral
Myanmar Earthquake Mar 2025,"WHO South-East Asia Region Epidemiological Bulletin, 9th edition (2025), 7 May 2025. Reporting period: 21 April to 4 May 2025",0.0,Neutral
Myanmar Earthquake Mar 2025,Myanmar Earthquake Response - Response to Date (7 May 2025),0.0,Neutral
Myanmar Earthquake Mar 2025,Myanmar Earthquake Response - Response to Date (1 May 2025),0.0,Neutral
Myanmar Earthquake Mar 2025,"Atrocity Alert No. 438: Israel and the Occupied Palestinian Territory, Mali and Myanmar (Burma)",0.296,Positive
Myanmar Earthquake Mar 2025,"Myanmar - Satellite-detected damage in the UNESCO World Heritage Site, Bagan: Component 4 as of 25 April 2025 (Imagery Analysis: 25/04/2025, Published: 29/04/2025 V1)",-0.4939,Negative
Myanmar Earthquake Mar 2025,"Myanmar - Satellite-detected damage in the UNESCO World Heritage Site, Bagan: Component 3 as of 25 April 2025 (Imagery Analysis: 25/04/2025, Published: 30/04/2025 V1)",-0.4939,Negative
Myanmar Earthquake Mar 2025,"Myanmar - Satellite-detected damage in the UNESCO World Heritage Site, Bagan: Component 2 as of 25 April 2025 (Imagery Analysis: 25/04/2025, Published: 06/05/2025 V1)",-0.4939,Negative
Myanmar Earthquake Mar 2025,"Myanmar - Satellite-detected damage in the historic city of Myin Zhaing, Myanmar as of 03 April 2025 (Imagery Analysis: 03/04/2025, Published: 06/05/2025 V1)",-0.4939,Negative
Myanmar Earthquake Mar 2025,"Myanmar - Satellite-detected damage in the UNESCO Tentative List Site, Inle Lake at a village in Intha as of 31 March 2025 (Imagery Analysis: 31/03/2025, Published: 06/05/2025 V1)",-0.4939,Negative
Myanmar Earthquake Mar 2025,"Myanmar - Satellite-detected damage in the UNESCO Tentative List Site, Inle Lake at a village in Intha as of 31 March 2025 (Imagery Analysis: 31/03/2025, Published: 06/05/2025 V1)",-0.4939,Negative
Myanmar Earthquake Mar 2025,Status of Human Rights & Sanctions in Myanmar: March 2025 Report,0.0,Neutral
Myanmar Earthquake Mar 2025,Türk advierte sobre la violencia incesante contra civiles en Myanmar,0.0,Neutral
Myanmar Earthquake Mar 2025,APHR FFM Reveals Alarming Crisis: ASEAN Must Demand Permanent Ceasefire and Protect Myanmar’s Refugees and Political Prisoners,-0.7783,Negative
Myanmar Earthquake Mar 2025,MERCY Malaysia Deploys Medical Response Team to support Earthquake-Hit Communities in Myanmar,0.7125,Positive
Myanmar Earthquake Mar 2025,Myanmar faces new challenges as monsoon season looms,-0.0772,Negative
Myanmar Earthquake Mar 2025,United Nations Disaster Assessment and Coordination (UNDAC) Missions 2022-2025 Overview (as of May 2025),-0.3182,Negative
Myanmar Earthquake Mar 2025,IOM Myanmar: Earthquake Response Situation Report 6 (as of 1 May 2025),0.0,Neutral
Myanmar Earthquake Mar 2025,ASEAN Weekly Disaster Update Week 18 | 28 Apr - 4 May 2025,-0.6249,Negative
Myanmar Earthquake Mar 2025,Delivering Hope for Pregnant Women: A Midwife’s Story Amid Myanmar’s Earthquake,0.4404,Positive
Myanmar Earthquake Mar 2025,Myanmar: Earthquake Response Situation Report No. 5 (As of 4 May 2025),0.0,Neutral
Myanmar Earthquake Mar 2025,Myanmar Earthquake | Situation Update | Edition 7,0.0,Neutral
Myanmar Earthquake Mar 2025,"UNICEF Myanmar Flash Update No. 11 (Earthquake), 02 May 2025",0.0,Neutral
Myanmar Earthquake Mar 2025,Türk warns of unremitting violence against civilians in Myanmar,-0.6705,Negative
Myanmar Earthquake Mar 2025,"Myanmar Earthquake: UNHCR Flash Update #4, 2 May 2025",0.0,Neutral
Myanmar Earthquake Mar 2025,Myanmar Health Cluster Bulletin - April 2025,0.0,Neutral
Myanmar Earthquake Mar 2025,Disasters and Disinformation: AI and the Myanmar 7.7 Magnitude Earthquake,-0.5574,Negative
Myanmar Earthquake Mar 2025,"Damage Assessment in Monywa Township, Monywa District, Sagaing Region, Myanmar as of 25 April 2025 (Imagery Analysis: 25/04/2025, Published: 01/05/2025 V1)",-0.4939,Negative
Myanmar Earthquake Mar 2025,"WFP Seasonal Outlook - Regional Bureau for Asia and the Pacific (RBB) (Quarter 1, 2025)",0.0,Neutral
Myanmar Earthquake Mar 2025,Crop Monitor for Early Warning | No. 104 - May 2025,-0.34,Negative
Myanmar Earthquake Mar 2025,Delivery of emergency relief kits to schools affected by the earthquake in Myanmar (Grant Assistance for Grassroots Human Security Projects) (1 May 2025),0.5859,Positive
Myanmar Earthquake Mar 2025,Myanmar Earthquake: One-month Impact Report (March - April 2025),0.0,Neutral
Myanmar Earthquake Mar 2025,"Sagaing earthquake in Myanmar: Situation report - 7th Edition, 30 April 2025, as of 10:00 IST",0.0,Neutral
Myanmar Earthquake Mar 2025,Un mes tras el terremoto de Myanmar: las necesidades siguen siendo inmensas,0.0,Neutral
Myanmar Earthquake Mar 2025,IFRC Disaster Snapshot #3 - Earthquake | Myanmar,-0.6249,Negative
Myanmar Earthquake Mar 2025,Asia and the Pacific: Weekly Regional Humanitarian Snapshot (22 - 28 April 2025),0.0,Neutral
Myanmar Earthquake Mar 2025,UNFPA appeals for $12 million to support women and girls affected by Myanmar earthquakes,0.2732,Positive
Myanmar Earthquake Mar 2025,Myanmar: Junta Assault on Health Care Hinders Quake Response,-0.1531,Negative
Myanmar Earthquake Mar 2025,"Séisme au Myanmar : un mois après, les besoins restent énormes",0.0,Neutral
Myanmar Earthquake Mar 2025,One month on: UNOPS scales up earthquake response in Myanmar,0.0,Neutral
Myanmar Earthquake Mar 2025,New CARE needs assessment finds women and girls most impacted and most at-risk post-earthquake,0.6037,Positive
Myanmar Earthquake Mar 2025,ASEAN Weekly Disaster Update Week 17 | 21 - 27 Apr 2025,-0.6249,Negative
Myanmar Earthquake Mar 2025,GIEWS Country Brief: Myanmar 28-April-2025,0.0,Neutral
Myanmar Earthquake Mar 2025,"Myanmar: One month since earthquake, IRC warns of deepening humanitarian crisis",-0.6705,Negative
Myanmar Earthquake Mar 2025,Myanmar Earthquake: One Month After,0.0,Neutral
Myanmar Earthquake Mar 2025,"Guidance on Emergency Shelter and NFI Earthquake Response - Shelter/ NFI/ CCCM Technical Working Group Northwest Region, Myanmar (April 2025)",-0.3818,Negative
Myanmar Earthquake Mar 2025,Myanmar earthquake one-month on: needs remain massive [EN/AR],0.0,Neutral
Myanmar Earthquake Mar 2025,"Myanmar: Satellite-detected damage to cultural heritage in Patheingyi as of 03 April 2025 (Imagery Analysis: 03/04/2025, Published: 25/04/2025 V1)",-0.4939,Negative
Myanmar Earthquake Mar 2025,"Myanmar: Badah-Lin and Associated Caves (Imagery Analysis: 19/04/2025, Published: 24/04/2025 V1)",0.0,Neutral
Myanmar Earthquake Mar 2025,"Operation Brahma - Support to Myanmar continues (April 16, 2025)",0.4019,Positive
Myanmar Earthquake Mar 2025,Myanmar earthquake: Mercy Corps’ response as urgent needs soar,0.5106,Positive
Myanmar Earthquake Mar 2025,"UNICEF Myanmar Flash Update No. 10 (Earthquake), 25 April 2025",0.0,Neutral
Myanmar Earthquake Mar 2025,Monsoon Season Escalates Crisis for Children affected by the Myanmar Earthquake Amidst Logistical Challenges and Underfunding,-0.6597,Negative
Myanmar Earthquake Mar 2025,Dispatch of a JICA Expert Team in Response to the Earthquake in Myanmar (25 April 2025),0.0,Neutral
Myanmar Earthquake Mar 2025,"UNFPA Situation Report #5: UNFPA Prioritizes Urgent Health and Protection Support in Myanmar (April 25, 2025)",0.5423,Positive
Myanmar Earthquake Mar 2025,Myanmar: Earthquake Response Situation Report No. 4 (As of 25 April 2025),0.0,Neutral
Myanmar Earthquake Mar 2025,MCC responds to Myanmar earthquake amid political violence,-0.6249,Negative
Myanmar Earthquake Mar 2025,Tzu Chi Provides Extensive Earthquake Relief in Myanmar,0.4767,Positive
Myanmar Earthquake Mar 2025,"Myanmar Health Cluster Sagaing Earthquake Situation Report #5, 25 April 2025",0.0,Neutral
Myanmar Earthquake Mar 2025,Market Analysis Unit: Market Price Report - Southern Sagaing Region (March 2025),0.0,Neutral
Myanmar Earthquake Mar 2025,Myanmar Earthquake | Situation Update | Edition 6,0.0,Neutral
Myanmar Earthquake Mar 2025,"Myanmar Earthquake: Situation Report #1, April 24, 2025",0.0,Neutral
Myanmar Earthquake Mar 2025,ILO steps up urgent support for people of Myanmar following devastating earthquake [EN/MY],-0.2023,Negative
Myanmar Earthquake Mar 2025,"Myanmar Earthquake: UNHCR Flash Update #3, 24 April 2025",0.0,Neutral
Myanmar Earthquake Mar 2025,"WHO South-East Asia Region Epidemiological Bulletin, 8th edition (2025), 23 April 2025. Reporting period: 7 to 20 April 2025",0.0,Neutral
Myanmar Earthquake Mar 2025,Myanmar | Earthquake - Operation Update (MDRMM023),0.0,Neutral
Myanmar Earthquake Mar 2025,"Atrocity Alert No. 436: Haiti, Myanmar (Burma) and Syria",0.296,Positive
Myanmar Earthquake Mar 2025,"Myanmar: More than 40,000 people, including children, living in shelters one month after earthquake – Save the Children",0.4939,Positive
Myanmar Earthquake Mar 2025,"Situation Update No. 10 - M7.7 Mandalay Earthquake (Monday, 23 April 2025, 1700 HRS (UTC+7))",0.0,Neutral
Myanmar Earthquake Mar 2025,"Myanmar - Satellite-detected damage to cultural heritage in Paleik as of 30 March 2025 (Imagery Analysis: 30/03/2025, Published: 23/04/2025 V1)",-0.4939,Negative
Myanmar Earthquake Mar 2025,"Myanmar - Satellite-detected damage in the UNESCO Tentative List Site, Mon Cities: Bago, Hanthawaddy as of 1 April 2025 (Imagery Analysis: 01/04/2025, Published: 23/04/2025 V1)",-0.4939,Negative
Myanmar Earthquake Mar 2025,Myanmar Earthquake - 28 March 2025: Food Security Analysis (#2) (Date Released: 09 April 2025),0.34,Positive
Myanmar Earthquake Mar 2025,IOM Myanmar: Earthquake Response Situation Report 5 (23 April 2025),0.0,Neutral
Myanmar Earthquake Mar 2025,"Planet Water Foundation Supports up to 10,000 people with Safe Drinking Water through Myanmar Earthquake Response Efforts",0.6597,Positive
Myanmar Earthquake Mar 2025,"Myanmar and Thailand - Earthquake, update (DG ECHO, MRCS, ADINet, Copernicus EMSR) (ECHO Daily Flash of 23 April 2025)",0.0,Neutral
Myanmar Earthquake Mar 2025,Humanity First - Situation Update 01: Myanmar Earthquake Response (22 April 2025),0.0,Neutral
Myanmar Earthquake Mar 2025,"Myanmar - Satellite-detected damage in the UNESCO World Heritage Site, Bagan: Component 6 as of 03 April 2025 (Imagery Analysis: 03/04/2025, Published: 22/04/2025 V1)",-0.4939,Negative
Myanmar Earthquake Mar 2025,"Myanmar - Satellite-detected damage to cultural heritage in Pyu Ancient Cities: Beikthano as of 03 April 2025 (Imagery Analysis: 03/04/2025, Published: 22/04/2025 V1)",-0.4939,Negative
Myanmar Earthquake Mar 2025,"Myanmar - Satellite-detected damage to cultural heritage in Pyu Ancient Cities: Halin as of 03 April 2025 (Imagery Analysis: 03/04/2025, Published: 22/04/2025 V1)",-0.4939,Negative
Myanmar Earthquake Mar 2025,ACAPS Thematic Report: Myanmar Exposure to seasonal hazards in earthquake-affected areas (22 April 2025),0.0,Neutral
Myanmar Earthquake Mar 2025,ACAPS Thematic Report: Myanmar Earthquake: Bago region pre-crisis profile (22 April 2025),0.0,Neutral
Myanmar Earthquake Mar 2025,UNDP's response to the earthquake in Myanmar,0.0,Neutral
Myanmar Earthquake Mar 2025,Myanmar Mine Action AoR - Earthquakes: KEY EORE Messages for General Dissemination [EN/MY],0.0,Neutral
Myanmar Earthquake Mar 2025,ASEAN Weekly Disaster Update Week 16 | 14 - 20 Apr 2025,-0.6249,Negative
Myanmar Earthquake Mar 2025,Myanmar Earthquake Flash Appeal (April 2025 - September 2025),0.0,Neutral
Myanmar Earthquake Mar 2025,"Myanmar Red Cross Society (MRCS) Emergency Operation Centre: 2025-Earthquake Situation Report, 18th April, 2025",-0.3818,Negative
Myanmar Earthquake Mar 2025,"Market Analysis Unit: Rapid Market Assessment - Earthquake Response (April 21, 2025)",0.0,Neutral
Myanmar Earthquake Mar 2025,Myanmar Earthquake | Situation Update | Edition 5,0.0,Neutral
Myanmar Earthquake Mar 2025,"UNFPA Situation Report #4: UNFPA Prioritizes Urgent Health and Protection Support in Myanmar (April 18, 2025)",0.5423,Positive
Myanmar Earthquake Mar 2025,"UNICEF Myanmar Flash Update No. 9 (Earthquake), 18 April 2025",0.0,Neutral
Myanmar Earthquake Mar 2025,"Supporting Women’s Health with Life-Changing Surgeries, Continued Myanmar Earthquake Response, and More",0.4404,Positive
Myanmar Earthquake Mar 2025,Myanmar: Earthquake Response Situation Report No. 3 (As of 18 April 2025),0.0,Neutral
Myanmar Earthquake Mar 2025,Probable Damaged Buildings in Nay Pyi Taw Area - 28 March 2025 Sagaing Earthquake,-0.4404,Negative
Myanmar Earthquake Mar 2025,“These Small Things Reminded Us That We Are Not Forgotten”: A Mother’s Story Amid Myanmar’s Devastating Earthquake,-0.6486,Negative
Myanmar Earthquake Mar 2025,Inclusion Is Not Optional: Putting GEDSI at the Heart of Earthquake Response,0.6369,Positive
Myanmar Earthquake Mar 2025,Earthquakes Leave Invisible Scars Too: Why MHPSS Must Be Central in Disaster Response,-0.6486,Negative
Myanmar Earthquake Mar 2025,Act Before Harm Is Done: Preventing Abuse in Disaster Zones,-0.9169,Negative
Myanmar Earthquake Mar 2025,"Myanmar - Ancient Cities of Upper Myanmar: Innwa (Imagery Analysis: 30/03/2025, Published: 11/04/2025 V1)",0.0,Neutral
Myanmar Earthquake Mar 2025,"Myanmar - Bagan: Component 7 (Imagery Analysis: 03/04/2025, Published: 04/04/2025 V1)",0.0,Neutral
Myanmar Earthquake Mar 2025,"Myanmar - Ancient Cities of Upper Myanmar: Mandalay (Imagery Analysis: 30/03/2025, Published: 11/04/2025 V1)",0.0,Neutral
Myanmar Earthquake Mar 2025,"Myanmar - Pyu Ancient Cities: Sri Ksetra (Imagery Analysis: 30/03/2025, Published: 07/04/2025 V1)",0.0,Neutral
Myanmar Earthquake Mar 2025,"Myanmar - Ancient cities of Upper Myanmar: Amarapura (Imagery Analysis: 30/03/2025, Published: 02/04/2025 V1)",0.0,Neutral
Myanmar Earthquake Mar 2025,"Myanmar - Ancient cities of Upper Myanmar: Mingun (Imagery Analysis: 30/03/2025, Published: 07/04/2025 V1)",0.0,Neutral
Myanmar Earthquake Mar 2025,"Myanmar - Wooden Monasteries of Konbaung Period: Shwe-Kyuang (Imagery Analysis: 30/03/2025, Published: 02/04/2025 V1)",0.0,Neutral
Myanmar Earthquake Mar 2025,"Myanmar Earthquake: Plan International Myanmar’s Emergency Response (As of April 14th, 2025)",-0.3818,Negative
Myanmar Earthquake Mar 2025,"Myanmar - Ancient cities of Upper Myanmar: Sagaing (Imagery Analysis: 30/03/2025, Published: 09/04/2025 V1)",0.0,Neutral
Myanmar Earthquake Mar 2025,APHR Alarmed by ASEAN Chair’s Meeting with Myanmar Junta Chief,-0.34,Negative
Myanmar Earthquake Mar 2025,"Myanmar - Satellite-detected damage in the cultural property Mahamuni Pagoda as of 30 March 2025 (Imagery Analysis: 30/04/2025, Published: 17/04/2025 V1)",-0.4939,Negative
Myanmar Earthquake Mar 2025,"Myanmar - Satellite-detected damage in the cultural property Pinya as of 30 March 2025 (Imagery Analysis: 30/04/2025, Published: 17/04/2025 V1)",-0.4939,Negative
Myanmar Earthquake Mar 2025,"Myanmar - Satellite-detected damage to cultural heritage in Min Kun as of 03 April 2025 (Imagery Analysis: 03/04/2025, Published: 17/04/2025 V1)",-0.4939,Negative
Myanmar Earthquake Mar 2025,"Myanmar - Satellite-detected damage to cultural heritage in Tada-U as of 03 April 2025 (Imagery Analysis: 03/04/2025, Published: 17/04/2025 V1)",-0.4939,Negative
Myanmar Earthquake Mar 2025,Myanmar Earthquake: UN-SPIDER's Disaster Response,-0.6249,Negative
Myanmar Earthquake Mar 2025,Myanmar | 7.7 M earthquake of 28 March and EU response update - DG ECHO Daily Map | 16/04/2025,0.0,Neutral
Myanmar Earthquake Mar 2025,"UNICEF Myanmar Flash Update No. 8 (Earthquake), 16 April 2025",0.0,Neutral
China Earthquake Jun 2012,China: Annual Report 2012 (MAACN001),0.0,Neutral
China Earthquake Jun 2012,Natural disasters in China showed 6 features in 2012,-0.2732,Negative
China Earthquake Jun 2012,East Asia (MAA54001) Mid-Year Report 2012,0.0,Neutral
China Earthquake Jun 2012,China (MAACN001) Mid-Year Report 2012,0.0,Neutral
China Earthquake Jun 2012,"IDP News Alert, 25 July 2012",0.296,Positive
China Earthquake Jun 2012,Central gov't allocates 122 mln USD for disaster relief fund,-0.25,Negative
China Earthquake Jun 2012,Relief efforts in quake-hit Xinjiang ongoing,0.4767,Positive
China Earthquake Jun 2012,Xinjiang Earthquake 2012: Work Report 1,0.0,Neutral
China Earthquake Jun 2012,China: Earthquake (as of 01 July 2012) - Location Map,0.0,Neutral
China Earthquake Jun 2012,"155,000 people affected after Xinjiang quake",-0.1531,Negative
China Earthquake Jun 2012,"35 injured, 64,500 people affected in Xinjiang quake",-0.5106,Negative
